# Interval arithmetic

statement ok
SET verify_optimized_plan TO true;

query T
select interval '1 day' * 3;
----
3 days

query T
select interval '1 day 1 hour' * 3;
----
3 days 03:00:00

query T
select '1 day'::interval * 3;
----
3 days

query T
select '1998-10-11'::date - 4;
----
1998-10-07

query T
select y * x as z from (select 4 as x, interval '2 day' as y);
----
8 days

# Commutative int*interval
query T
select x*y as z from (select 4 as x, interval '2 day' as y);
----
8 days
