# COPY TO with remote tables

statement ok
ATTACH remote_debug1 DATABASE AS remote1;

query I
COPY remote1.schema1.table1 TO 'myfile' (FORMAT discard_local);
----
2

query I
COPY (SELECT * FROM remote1.schema1.table1) TO 'myfile' (FORMAT discard_local);
----
2

# COPY TO to remote side not yet supported
statement error No registered COPY TO function for format 'discard_remote'
COPY (SELECT * FROM remote1.schema1.table1) TO 'myfile' (FORMAT discard_remote);

