# AVG

query R
select avg(1);
----
1

query R
select avg(a) from (values (1), (2)) as v(a);
----
1.5

# TODO: Unable to cast from Null to Int32
# query R
# select avg(null::int);
# ----

query R
select avg(a) from (values (2.1), (4.8)) as v(a);
----
3.45

query R
select avg(a) from (values ('1.34'::decimal(6,3)), ('3.42'::decimal(6,3))) as v(a);
----
2.380
