# FIRST and LAST

query I
select first(4);
----
4

query I
select first(a) from (select * from (values (4), (5), (6))) as t(a);
----
4

query I
select first(a) from (select * from (values (NULL), (5), (6))) as t(a);
----
5

