# IN (list)

query T
SELECT 2 IN (2, 3);
----
true

query T
SELECT 4 IN (2, 3);
----
false

statement ok
CREATE TEMP TABLE ints (i INT);

statement ok
INSERT INTO ints VALUES (4), (5), (6), (NULL);

query IT rowsort
SELECT i, i IN (2, 4, 6) FROM ints;
----
4     true
5     false
6     true
NULL  NULL
