# ORDER BY alias

statement ok
SET verify_optimized_plan TO true;

statement ok
create temp table t1 (a text, b int);

statement ok
insert into t1 values ('a', 1), ('c', 2), ('c', 3);

query T
select a as c1 from t1 order by c1;
----
a
c
c

query I
select b + 2 as c1 from t1 order by c1;
----
3
4
5

# We should also be able to order by the original column name too.
query T
SELECT a AS c1 FROM t1 ORDER BY a;
----
a
c
c

query T
SELECT a AS c1 FROM t1 ORDER BY t1.a;
----
a
c
c
