# Tests for deleting rows from a table

statement ok
create table t1 as select * from generate_series(1, 15, 2);

statement ok
delete from t1 where generate_series > 7;

query I
select * from t1;
----
1
3
5
7

statement ok
delete from t1;

query I
select * from t1
----

statement error
delete from where a > 5

statement error
delete from t1,t2 where x > 5
