statement ok
create table src (x int, y text, z int);

statement ok
insert into src values (1, 'hello', 0), (2, 'other', 10), (3, 'world', 100);

statement ok
copy (select * from src) to '${TMP}/external_schema.bson'

statement ok
create external table dst from bson
options (
	location '${TMP}/external_schema.bson',
	file_type 'bson'
	)
columns (
	x int,
	z int
);

query ITI
select * from src;
----
1 hello 0 
2 other 10
3 world 100

query II
select * from dst;
----
1 0 
2 10
3 100
