statement ok
CREATE TABLE src (x int, y text, z int);

statement ok
INSERT INTO src VALUES (1, 'hello', 0), (2, 'other', 10), (3, 'world', 100);

statement ok
COPY (SELECT * FROM src) TO '${TMP}/external_schema.bson';

statement ok
CREATE EXTERNAL TABLE dst
FROM bson
OPTIONS (
  location => '${TMP}/external_schema.bson',
  file_type => 'bson'
)
COLUMNS (
  x int,
  z int
);

query ITI
SELECT * FROM src;
----
1 hello 0
2 other 10
3 world 100

query II
SELECT * FROM dst;
----
1 0
2 10
3 100


statement ok
CREATE EXTERNAL TABLE dstextra
FROM bson
OPTIONS (
  location => '${TMP}/external_schema.bson',
  file_type => 'bson'
)
COLUMNS (
  alpha int,
  x int,
  z int
);

query II
SELECT * FROM dstextra;
----
NULL 1 0
NULL 2 10
NULL 3 100


statement ok
CREATE EXTERNAL TABLE constrained
	FROM mongo
	OPTIONS (
		connection_string = '${MONGO_CONN_STRING}',
		database = 'test',
		collection = 'bikeshare_stations'
	)
	COLUMNS (
	    station_id int,
	    status string,
	    council_district string
	);

query III
SELECT * FROM constrained LIMIT 3
----
2538 closed 1
2541 closed 1
2545 closed 9