# Test cases specific to RPC regressions.
#
# Since we're still developing RPC, it's easiest to just put regression cases
# in a single file. We can split this up later.

# This triggered a few different errors during testing, mostly around our execs
# not supporting partitioning (while also not ensuring there's only 1
# partition).
statement ok
select *
  from parquet_scan('${PWD}/testdata/parquet/userdata1.parquet') p
  inner join (select 'Sweden') c(country2) on p.country = country2

query I
select count(*)
  from parquet_scan('${PWD}/testdata/parquet/userdata1.parquet') p
  inner join (select 'Sweden') c(country2) on p.country = country2
----
25

# Ensure projection works (#1597 and #1602)
query T
select first_name
  from parquet_scan('${PWD}/testdata/parquet/userdata1.parquet')
  order by id
  limit 3
----
Amanda
Albert
Evelyn

query T
select p.first_name
  from parquet_scan('${PWD}/testdata/parquet/userdata1.parquet') p
  order by p.id
  limit 3
----
Amanda
Albert
Evelyn

query TT
select p.first_name, country2
  from parquet_scan('${PWD}/testdata/parquet/userdata1.parquet') p
  inner join (select 'Sweden') c(country2) on p.country = country2
  order by p.id
  limit 3;
----
John     Sweden
Aaron    Sweden
Kathryn  Sweden

# One off tests for #1599

statement ok
create schema hello_world;

statement ok
drop schema hello_world;

statement ok
create view my_view as select 1;

query I
select * from my_view;
----
1

statement ok
create table test (a int);

statement ok
create table test2 as select 1 as a;

query I
select * from test2;
----
1

# Test for #1661
statement ok
create table t1661 (a int, b int, c int);

statement ok
insert into t1661 select 1, 2, 3;

query III
select * from t1661;
----
1 2 3


# Test for #1671
statement ok
create table emptyNative (a int);

statement ok
select * from emptyNative;

# Test if "values" clause works.
# https://github.com/GlareDB/glaredb/pull/1673

query I
values (1), (2), (3);
----
1
2
3

statement ok
create table t1665 (a int, b text);

statement ok
insert into t1665 values
  (1, 'a-thing'),
  (2, 'b-thing');

query TI
select b, a from t1665;
----
a-thing  1
b-thing  2

statement ok
explain analyze select 1;
