# Simple queries.

query II nosort
select 1, 1 + 1
----
1 2

# SKIP: Weak null handling right now.
# query I
# select null;
# ----
# NULL

query III nosort
select * from (values (1, 2, 3), (3, 4, 5))
----
1 2 3
3 4 5

statement ok
create table t1 (a smallint, b smallint)

# Table already exists.
statement error
create table t1 (a smallint, b smallint)

statement ok
insert into t1 values (1, 2), (3, 4), (5, 6)

# Too few values.
statement error
insert into t1 values (1)

# Too many values.
statement error
insert into t1 values (1, 2, 3)

query II nosort
select * from t1 order by a
----
1 2
3 4
5 6

# SKIP: Everything is ordered asc right now.
# query II nosort
# select * from t1 order by a desc
# ----
# 5 6
# 3 4
# 1 2

query II
select sum(a), sum(b) from t1;
----
9 12

query II
select sum(b) from t1;
----
12

query II
select sum(b), sum(a) from t1
----
12 9

query I
select sum(b) + sum(a) from t1
----
21

query I
select sum(b + a) from t1;
----
21

query I
select sum(b - a) from t1;
----
3


query II
select * from t1 where false;
----

query II
select * from t1 where a >= 3;
----
3 4
5 6

statement ok
create table t2 (b smallint, c smallint);

statement ok
insert into t2 values (7, 8), (9, 10), (11, 12);

query IIII
select * from t1 cross join t2 order by t1.a, t1.b, t2.b, t2.c;
----
1  2   7   8
1  2   9  10
1  2  11  12
3  4   7   8
3  4   9  10
3  4  11  12
5  6   7   8
5  6   9  10
5  6  11  12

query III
select t1.a, sum(t2.b), t1.a - 1 from t1 cross join t2 group by t1.a order by t1.a;
----
1   27   0
3   27   2
5   27   4

query IIII
select * from t1 inner join t2 on t1.b * 2 > t2.b order by t1.a, t1.b, t2.b, t2.c;
----
3  4   7   8
5  6   7   8
5  6   9  10
5  6  11  12
