# Tests for creating and inserting into table.

statement ok
create table basic (a int, b text);

# Duplicate name and if not exists

statement error Duplicate name
create table basic (c float);

statement ok
create table if not exists basic (c float);

statement ok
insert into basic values (1, 'a'), (2, 'b');

query IT rowsort
select * from basic;
----
1  a
2  b

# https://github.com/GlareDB/glaredb/issues/1321

statement ok
create table table_with_list (a text[])

statement ok
insert into table_with_list values (['hello', 'world'])

statement ok
create table t1 as select * from generate_series(1, 5, 2);

query I
select * from t1;
----
1
3
5

# Cast and alias in "CREATE TABLE .. AS .."

statement ok
create table t2 as values (1, 2);

query II
select column1, column2 from t2;
----
1	2

statement ok
create table t3 (a int) as values (3, 4);

query II
select a, column2 from t3;
----
3	4

statement error No field named column1
select column1 from t3;

statement ok
create table t4 (a int, b text) as values (5, 6);

query IT
select a, b from t4;
----
5	6

statement error No field named column2
select column2 from t4;
