# Tests for creating and inserting into table.

statement ok
create table basic (a int, b text);

statement ok
insert into basic values (1, 'a'), (2, 'b');

query IT rowsort
select * from basic;
----
1  a
2  b

# https://github.com/GlareDB/glaredb/issues/1321

statement ok
create table table_with_list (a text[])

statement ok
insert into table_with_list values (['hello', 'world'])

statement ok
create table t1 as select * from generate_series(1, 5, 2);

query I
select * from t1;
----
1
3
5
