# Temporary tables

statement ok
create temp table abc (a int, b int, c int);

statement ok
create or replace temp table abc (a int, b int, c int);

query III
select * from abc;
----

query T
select schema_name from glare_catalog.tables
	where table_name = 'abc';
----
current_session

# Another table with the same name as temp table but in another schema should
# be ok.
statement ok
create external table abc from debug options ( table_type = 'never_ending' );

query T rowsort
select schema_name from glare_catalog.tables
	where table_name = 'abc';
----
current_session
public

# Another temp table with same name not allowed.
statement error
create temp table abc (x int);

# Insert into table
statement ok
insert into abc values (9, 8, 7);

# Query unqualified
query III rowsort
select a, b, c from abc limit 1;
----
9	8	7

# Query qualified with schema ("current_session")
query III rowsort
select a, b, c from current_session.abc limit 1;
----
9	8	7

# Query fully qualified temp table
query III rowsort
select a, b, c from default.current_session.abc limit 1;
----
9	8	7

# Query external table by specifying schema.
query III
select a, b, c from public.abc limit 1;
----
1	2	3

# Insert from another table
statement ok
insert into abc select a, b, c from public.abc limit 2;

query III rowsort
select a, b, c from abc;
----
1	2	3
1	2	3
9	8	7

statement ok
create temp table t1 as select * from generate_series(1, 5, 2);

query I rowsort
select * from t1;
----
1
3
5

# Dropping temp tables

statement error Missing database object
drop table t1, t2;

# t1 shouldn't be dropped
query I rowsort
select * from t1
----
1
3
5

# Need to determine if below behavior is correct.
halt

statement ok
drop table t1, current_session.abc;

# Both t1 and abc shouldn't exist.

statement error Unable to fetch table provider
select * from abc;

statement error Unable to fetch table provider
select * from t1;
