statement ok
select count(*) from read_excel('file://${PWD}/testdata/xlsx/userdata1.xlsx');

statement ok
select count(*) from './testdata/xlsx/userdata1.xlsx';

statement ok
select count(*) from 'file://${PWD}/testdata/xlsx/userdata1.xlsx'

query
select count(*) from './testdata/xlsx/userdata1.xlsx';
----
1000

query I
select count(*) from read_excel('./testdata/xlsx/userdata1.xlsx', has_header => true);
----
1000

query I
select count(*) from read_excel('./testdata/xlsx/userdata1.xlsx', has_header => false);
----
1001


query I
select count(*) from read_xlsx('${PWD}/testdata/xlsx/userdata1.xlsx');
----
1000


# infer rows
statement ok
select count(*) from read_excel(
  'file://${PWD}/testdata/xlsx/userdata1.xlsx',
  infer_rows => 10
);


# https://github.com/GlareDB/glaredb/issues/2372
# make sure multiple sheets work
statement ok
select "Resources", "Cost", "Revenue" from read_excel(
  'file://${PWD}/testdata/xlsx/multiple_sheets.xlsx',
  has_header => true
)


# https://github.com/GlareDB/glaredb/issues/2372
query T
select "HEADING" from read_excel('file://${PWD}/testdata/xlsx/multiple_sheets.xlsx', sheet_name => 'other', has_header => true)
----
1
2
3

# negatives are not allowed for infer_rows
statement error
select * from read_excel('file://${PWD}/testdata/xlsx/multiple_sheets.xlsx', sheet_name => 'other', infer_rows => -1);


# create external table
statement ok
create external table multi_report from excel options(location='./testdata/xlsx/multiple_sheets.xlsx', file_type = 'xlsx', sheet_name = 'other', has_header = false);

statement ok
create external table quarter_projection from excel options(location='./testdata/xlsx/multiple_sheets.xlsx', sheet_name='cost_projection', has_header='true');

statement ok
create external table basic_report from excel options(location='./testdata/xlsx/userdata1.xlsx', has_header='false');

statement ok
create external table basic_report_two from excel options(location='./testdata/xlsx/userdata1.xlsx', has_header='true');

query
select count(*) from basic_report;
----
1001

query
select count(*) from basic_report_two;
----
1000

query
select "HEADING" from multi_report;
----
1
2
3

query
select "Resources", "Cost", "Revenue" from quarter_projection;
----
1 10 100
2 20 200
3 30 300
4 40 400
5 50 500

statement ok
drop table basic_report;

statement error
create external table bad_report from excel options(location='./invalid_path/random.abc');
