# IN subqueries

statement ok
CREATE TEMP TABLE ints (i INT);

statement ok
INSERT INTO ints VALUES (4), (5), (6), (NULL);

query T
SELECT 4 IN (SELECT * FROM ints);
----
true

query T
SELECT 8 IN (SELECT * FROM ints);
----
false

query T
SELECT 4 IN (SELECT * FROM ints) FROM generate_series(1, 3);
----
true
true
true
