# reverse

query T
SELECT reverse('hello');
----
olleh

query T
SELECT reverse('');
----
(empty)

query T
SELECT reverse('a');
----
a

query T
SELECT reverse('ğŸ˜€ğŸ™‚ğŸ˜Š');
----
ğŸ˜ŠğŸ™‚ğŸ˜€

query T
SELECT reverse(a) FROM (VALUES ('hello'), (NULL), ('ğŸ˜€ğŸ™‚ğŸ˜Š')) v(a) ORDER BY 1;
----
olleh
ğŸ˜ŠğŸ™‚ğŸ˜€
NULL
