# reverse

query T
SELECT reverse('hello');
----
olleh

query T
SELECT reverse('');
----
(empty)

query T
SELECT reverse('a');
----
a

query T
SELECT reverse('ğŸ˜€ğŸ™‚ğŸ˜Š');
----
ğŸ˜ŠğŸ™‚ğŸ˜€

query T
SELECT reverse(NULL);
----
NULL
