# REVERSE

query T
SELECT reverse('hello');
----
olleh

query T
SELECT reverse('');
----
(empty)

query T
SELECT reverse('a');
----
a

query T
SELECT reverse('ab');
----
ba

query T
SELECT reverse('radar');
----
radar

query T
SELECT reverse('ğŸ˜€ğŸ™‚ğŸ˜Š');
----
ğŸ˜ŠğŸ™‚ğŸ˜€

query T rowsort
SELECT reverse(a) FROM (VALUES ('hello'), (NULL), ('ğŸ˜€ğŸ™‚ğŸ˜Š')) v(a);
----
NULL
olleh
ğŸ˜ŠğŸ™‚ğŸ˜€
