# GROUPING function call

statement ok
SET verify_optimized_plan TO true;

statement ok
CREATE TEMP TABLE items_sold (
  make TEXT,
  model TEXT,
  sales INT
);

statement ok
INSERT INTO items_sold VALUES
  ('Foo', 'GT', 10),
  ('Foo', 'Tour', 20),
  ('Bar', 'City', 15),
  ('Bar', 'Sport', 5);

query IIT
SELECT GROUPING(make), sum(sales), make FROM items_sold GROUP BY make ORDER BY 1, 2;
----
0  20  Bar
0  30  Foo

query IIT
SELECT GROUPING(make) + 4, sum(sales), make FROM items_sold GROUP BY make ORDER BY 1, 2;
----
4  20  Bar
4  30  Foo

# TODO: '#0.0' was not found in the GROUP BY and cannot be used as an argument to GROUPING
# query TTII
# select make as m2, model, sum(sales), grouping(make) from items_sold group by m2, model order by 1,2;
# ----

query TTII
SELECT make, model, GROUPING(make,model), sum(sales)
  FROM items_sold
  GROUP BY ROLLUP(make,model)
  ORDER BY 1 NULLS LAST, 2 NULLS LAST;
----
Bar   City   0  15
Bar   Sport  0  5
Bar   NULL   1  20
Foo   GT     0  10
Foo   Tour   0  20
Foo   NULL   1  30
NULL  NULL   3  50

query TTIII
SELECT make, model, GROUPING(make,model), GROUPING(model), sum(sales)
  FROM items_sold
  GROUP BY ROLLUP(make,model)
  ORDER BY 1 NULLS LAST, 2 NULLS LAST;
----
Bar   City   0  0  15
Bar   Sport  0  0  5
Bar   NULL   1  1  20
Foo   GT     0  0  10
Foo   Tour   0  0  20
Foo   NULL   1  1  30
NULL  NULL   3  1  50

query TTIII
SELECT make, model, GROUPING(make,model), GROUPING(model), sum(sales)
  FROM items_sold
  GROUP BY CUBE(make,model)
  ORDER BY 1 NULLS LAST, 2 NULLS LAST;
----
Bar   City   0  0  15
Bar   Sport  0  0  5
Bar   NULL   1  1  20
Foo   GT     0  0  10
Foo   Tour   0  0  20
Foo   NULL   1  1  30
NULL  City   2  0  15
NULL  GT     2  0  10
NULL  Sport  2  0  5
NULL  Tour   2  0  20
NULL  NULL   3  1  50

query TTIII
SELECT make, model, GROUPING(make,make,make), GROUPING(model), sum(sales)
  FROM items_sold
  GROUP BY CUBE(make,model)
  ORDER BY 1 NULLS LAST, 2 NULLS LAST;
----
Bar   City   0  0  15
Bar   Sport  0  0  5
Bar   NULL   0  1  20
Foo   GT     0  0  10
Foo   Tour   0  0  20
Foo   NULL   0  1  30
NULL  City   7  0  15
NULL  GT     7  0  10
NULL  Sport  7  0  5
NULL  Tour   7  0  20
NULL  NULL   7  1  50

query TTIII
SELECT make, model, GROUPING(make,make,make), GROUPING(model), sum(sales)
  FROM items_sold
  GROUP BY CUBE(make,model)
  ORDER BY GROUPING(make), 1, 2 NULLS LAST;
----
Bar   City   0  0  15
Bar   Sport  0  0  5
Bar   NULL   0  1  20
Foo   GT     0  0  10
Foo   Tour   0  0  20
Foo   NULL   0  1  30
NULL  City   7  0  15
NULL  GT     7  0  10
NULL  Sport  7  0  5
NULL  Tour   7  0  20
NULL  NULL   7  1  50

query II
SELECT min(g), max(g)
  FROM (SELECT make, model, GROUPING(make) g, GROUPING(model), sum(sales)
          FROM items_sold
          GROUP BY CUBE(make,model)
          ORDER BY GROUPING(make), 1, 2 NULLS LAST)
----
0  1

query IIII
SELECT min(g1), max(g1), min(g2), max(g2)
  FROM (SELECT make, model, GROUPING(make,make,make) g1, GROUPING(model) g2, sum(sales)
          FROM items_sold
          GROUP BY CUBE(make,model)
          ORDER BY GROUPING(make), 1, 2 NULLS LAST)
----
0  7  0  1

query II
SELECT sum(a), GROUPING(a+2)
  FROM generate_series(1, 5) g(a), (VALUES ('cat', 'dog'))
  GROUP BY ROLLUP(a+2)
  ORDER BY 1,2;
----
1   0
2   0
3   0
4   0
5   0
15  1

query II
SELECT sum(a), GROUPING(a+2) + 4
  FROM generate_series(1, 5) g(a), (VALUES ('cat', 'dog'))
  GROUP BY ROLLUP(a+2)
  ORDER BY 1,2;
----
1   4
2   4
3   4
4   4
5   4
15  5

statement error Column 'b' must appear in the GROUP BY clause or be used in an aggregate function
SELECT sum(a), repeat(b, GROUPING(a+2)+1)
  FROM generate_series(1, 5) g(a), (VALUES ('cat', 'dog')) v(b)
  GROUP BY ROLLUP(a+2)
  ORDER BY 1,2;

query IT
SELECT sum(a), repeat(b, GROUPING(a+2)+1)
  FROM generate_series(1, 5) g(a), (VALUES ('cat', 'dog')) v(b)
  GROUP BY ROLLUP(a+2, b)
  ORDER BY 1,2;
----
1   cat
1   NULL
2   cat
2   NULL
3   cat
3   NULL
4   cat
4   NULL
5   cat
5   NULL
15  NULL

