# Double float cast

statement ok
create schema double_float_cast;

statement ok
set search_path = double_float_cast;

query I
select '1e308'::float;
----
Infinity

query I
select '1e310'::double;
----
Infinity

query I
select '-1e308'::float;
----
-Infinity

query I
select '-1e310'::double;
----
-Infinity
