# TRANSLATE function

statement ok
SET verify_optimized_plan TO true;

# Basic translate functionality
query T
SELECT translate('12345', '143', 'ax');
----
a2x5

query T
SELECT translate('hello', 'el', 'XY');
----
hXYYo

query T
SELECT translate('hello world', 'lo', 'XY');
----
heXXY wYrXd

# Delete characters when from_set is longer than to_set
query T
SELECT translate('hello', 'elo', 'X');
----
hX

query T
SELECT translate('hello', 'helo', '');
----
(empty)

query T
SELECT translate('abcdef', 'ace', 'XY');
----
XbYdf

# Empty strings
query T
SELECT translate('', 'abc', 'xyz');
----
(empty)

query T
SELECT translate('hello', '', '');
----
hello

query T
SELECT translate('hello', 'abc', '');
----
hello

# Unicode support
query T
SELECT translate('h√©llo', '√©', 'e');
----
hello

query T
SELECT translate('üåçüåéüåè', 'üåçüåè', 'AB');
----
AüåéB

# NULL handling
query T rowsort
SELECT translate(input_text, 'abc', 'xyz') FROM (VALUES ('hello'), (NULL), ('abc')) v(input_text);
----
NULL
hello
xyz

query T rowsort
SELECT translate('hello', from_chars, 'XYZ') FROM (VALUES ('abc'), (NULL), ('el')) v(from_chars);
----
NULL
hXYYo
hello

query T rowsort
SELECT translate('hello', 'el', to_chars) FROM (VALUES ('XY'), (NULL), ('AB')) v(to_chars);
----
NULL
hABBo
hXYYo

# Case sensitivity
query T
SELECT translate('Hello', 'H', 'h');
----
hello

query T
SELECT translate('Hello', 'h', 'H');
----
Hello

# Repeated characters in from_set (first occurrence wins)
query T
SELECT translate('hello', 'ell', 'XYZ');
----
hXYYo

# Complex example
query T
SELECT translate('The quick brown fox', 'aeiou', '12345');
----
Th2 q53ck br4wn f4x
