# FIRST and LAST

query I
SELECT first(4);
----
4

query I
SELECT first(a) FROM (SELECT * FROM (VALUES (4), (5), (6)) ORDER BY 1) AS t(a);
----
4

query I
SELECT first(a) FROM (SELECT * FROM (VALUES (NULL), (5), (6)) ORDER BY 1) AS t(a);
----
5

