statement error
select siphash(1, 2, 3);

statement error
select siphash(1, 2);

statement ok
select siphash(1);

statement ok
select siphash('000');

statement ok
select siphash(9001);

statement ok
select siphash(true);


statement error
select fnv(1, 2, 3);

statement error
select fnv(1, 2);

statement ok
select fnv(1);

statement ok
select fnv('000');

statement ok
select fnv(9001);

statement ok
select fnv(true);

query I
select siphash();
----
13715208377448023093

query I
select siphash(42);
----
8315904219845249920

query I
select siphash(3000);
----
14490819164275330428

query I
select siphash('42');
----
8771948186893062792

query I
select siphash([0, 100, 100, 300, 500, 800]);
----
4101357204800564241

query I
select fnv();
----
12478008331234465636

query I
select fnv(42);
----
10346157209210711374

query I
select fnv(3000);
----
4500112066730064389

query I
select fnv('42');
----
16857446072837519227

query I
select fnv([0, 100, 100, 300, 500, 800]);
----
14186027448029747613

# rerun some earlier cases to ensure we're not accidentally stateful

query I
select fnv();
----
12478008331234465636

query I
select fnv('42');
----
16857446072837519227

query I
select siphash();
----
13715208377448023093

query I
select siphash('42');
----
8771948186893062792

########################################################################
#
# partition_results(<value>, <num_shards>, <shard_id>)
#
########################################################################

statement error
select partition_results();

statement error
select partition_results('buddy', 100, 2, 3);

statement error
select partition_results('buddy', -100, -2);

statement error
select partition_results('buddy', 100, 200);

statement error
select partition_results('9001', '100', '10');

statement error
select partition_results(9001, 100, '10');

statement error
select partition_results(9001, '100', 10);

statement ok
select partition_results(100, 10, 0);

statement ok
select partition_results(100, 10.0, 1.0);

statement error
select partition_results(100, 10.5, 1.5);

statement error
select partition_results(16, 4, 4);

query B
select partition_results(16, 4, 0);
----
t

query B
select partition_results(16, 4, 1);
----
f

query B
select partition_results(16, 4, 2);
----
f

query B
select partition_results(16, 4, 3);
----
f
