# LEFT OUTER join

statement ok
CREATE TEMP TABLE t1 (a int, b int);

statement ok
INSERT INTO t1 VALUES (1, 2), (2, 3), (3, 4);

statement ok
CREATE TEMP TABLE t2 (a int, b int);

statement ok
INSERT INTO t2 VALUES (1, 10), (2, 20);

query IIII rowsort
SELECT * FROM t1 LEFT OUTER JOIN t2 ON t1.a = t2.a
----
1  2  1     10
2  3  2     20
3  4  NULL  NULL

query IIII
SELECT * FROM t1 LEFT OUTER JOIN t2 ON t1.a = t2.a AND t1.a = 2 ORDER BY 1;
----
1  2  NULL  NULL
2  3  2     20
3  4  NULL  NULL
