# RIGHT JOIN with USING

statement ok
CREATE TEMP TABLE t1 (a int, b int, c int);

statement ok
CREATE TEMP TABLE t2 (a int, b int, c int);

statement ok
INSERT INTO t1 VALUES (1,2,3);

statement ok
INSERT INTO t2 VALUES (1,2,3), (1,2,4), (2,2,3);

query TT
DESCRIBE SELECT * FROM t1 RIGHT JOIN t2 USING (a);
----
a  Int32
b  Int32
c  Int32
b  Int32
c  Int32

query IIIII
SELECT * FROM t1 RIGHT JOIN t2 USING (a)
----
1  2     3     2  3
1  2     3     2  4
2  NULL  NULL  2  3
