halt

query I
select * from generate_series(1, 5);
----
1
2
3
4
5

query II
select a, a from generate_series(1, 5) as t1(a);
----
1  1
2  2
3  3
4  4
5  5

query II
select a, a from generate_series(1, 5, 2) as t1(a);
----
1  1
3  3
5  5
