# Basic ON
query II rowsort
select * from generate_series(1, 3) t1(a) inner join generate_series(1, 2) t2(b) on a = b;
----
1  1
2  2

query II rowsort
select * from generate_series(1, 3) t1(a) inner join generate_series(1, 2) t2(b) on a <> b;
----
1  2
2  1
3  1
3  2
